{
    "ZZ": {
        "A_chbox": 0.12119011026674906, 
        "u_A_chbox": 5.3862580072246686e-05, 
        "A_chdd": 0.004004576830230074,
        "u_A_chdd": 0.0027126802277971144,
        "A_chw": -0.1963261723894763,
        "u_A_chw": 0.014987050712125095,
        "A_chb": -0.11713244104043354,
        "u_A_chb": 0.028595459361426618,
        "A_chwb": 0.17834616727873503,
        "u_A_chwb": 0.015667667525158635,
        "A_cehre": -1.1339312028048056e-05, 
        "u_A_cehre": 1.1510156238463944e-05, 
        "A_cewre": -1.1798946014919084e-06, 
        "u_A_cewre": 1.1410783849481457e-06, 
        "A_chl1": 0.12613872473224716,
        "u_A_chl1": 0.0009969536298587494,
        "A_chl3": -0.23634107149958525,
        "u_A_chl3": 0.0009957356115184405,
        "A_che": -0.10234559707992866, 
        "u_A_che": 0.0011616387639646227, 
        "A_cll1": 0.18184337144241836, 
        "u_A_cll1": 3.485660517806685e-05, 
        "A_cee": 7.605491288468382e-07, 
        "u_A_cee": 6.521574020696912e-07, 
        "A_chwtil": 0.0036825721340141603, 
        "u_A_chwtil": 0.004147134751079505, 
        "A_chbtil": 0.0026733355746161626, 
        "u_A_chbtil": 0.009905298285933463, 
        "A_chwbtil": -0.00474037376301927, 
        "u_A_chwbtil": 0.005123281743837082, 
        "A_cewim": 5.569775209519922e-07, 
        "u_A_cewim": 5.580986104252111e-07, 
        "A_cehim": -5.176046398920692e-07, 
        "u_A_cehim": 4.94936115558346e-07, 
        "B_chbox_2": 0.003679789268475847, 
        "u_B_chbox_2": 3.1501486572089786e-06, 
        "B_chdd_2": 0.018680975954710487,
        "u_B_chdd_2": 0.00018287377526874835,
        "B_chw_2": 0.7054041560799906,
        "u_B_chw_2": 0.05218295199730717,
        "B_chb_2": 2.4381405406597265,
        "u_B_chb_2": 0.28042604053500086,
        "B_chwb_2": 0.7392039528315595,
        "u_B_chwb_2": 0.07802435647200519,
        "B_cehre_2": 6.234704881994276e-07, 
        "u_B_cehre_2": 3.4183317193402376e-07, 
        "B_cebre_2": -5.210184119929006e-07, 
        "u_B_cebre_2": 7.118063195305011e-08, 
        "B_chl1_2": 0.005669721506054738, 
        "u_B_chl1_2": 5.616788507317839e-05, 
        "B_chl3_2": 0.01745523619700876, 
        "u_B_chl3_2": 0.00011712734293735865, 
        "B_che_2": 0.006010902240045758, 
        "u_B_che_2": 8.164391387794536e-05, 
        "B_cll1_2": 0.008268931017244052, 
        "u_B_cll1_2": 2.5702663566535263e-06, 
        "B_cle_2": -4.5762321779811427e-07, 
        "u_B_cle_2": 4.1636341748746754e-08, 
        "B_chwtil_2": 0.0826679161090748, 
        "u_B_chwtil_2": 0.003731013355975759, 
        "B_chbtil_2": 0.32042630945857736, 
        "u_B_chbtil_2": 0.027051387456895608, 
        "B_chwbtil_2": 0.09906379142098058, 
        "u_B_chwbtil_2": 0.00811810095293599
    }, 
    "gamgam": {
        "A_chw": -13.991745476353918, 
        "u_A_chw": 0.0, 
        "A_chb": -48.791310960936976, 
        "u_A_chb": 0.0003620173814595009, 
        "A_chwb": 26.128053004957575, 
        "u_A_chwb": 0.00021206359524048314, 
        "B_chw_2": 48.94219612215086, 
        "u_B_chw_2": 0.00039715460981129167, 
        "B_chb_2": 595.1479816928118, 
        "u_B_chb_2": 0.004064255017975507, 
        "B_chwb_2": 170.66883430767876, 
        "u_B_chwb_2": 0.0010009271231137453, 
        "B_chwtil_2": 48.94219612215086, 
        "u_B_chwtil_2": 0.00021413206977339528, 
        "B_chbtil_2": 595.1480874657955, 
        "u_B_chbtil_2": 0.0019819314258738086, 
        "B_chwbtil_2": 170.66883430767876, 
        "u_B_chwbtil_2": 0.0010009271231137453
    }, 
    "bb": {
        "A_chbox": 0.12124813722210392, 
        "u_A_chbox": 0.0, 
        "A_chdd": -0.030311964122371346, 
        "u_A_chdd": 5.651765754868439e-08, 
        "A_cdhre": -0.12124813722210392, 
        "u_A_cdhre": 0.0, 
        "A_chl3": -0.12124813722210392, 
        "u_A_chl3": 0.0, 
        "A_cll1": 0.06062406861105196, 
        "u_A_cll1": 8.651621855633267e-08, 
        "A_cdhim": 1.8715507903792927e-07, 
        "u_A_cdhim": 4.28826158193377e-09, 
        "B_chbox_2": 0.0036757257523049314, 
        "u_B_chbox_2": 1.7506754589872477e-08, 
        "B_chdd_2": 0.0002283291964262737, 
        "u_B_chdd_2": 2.8073261855710118e-08, 
        "B_cdhre_2": 0.003674789976909741, 
        "u_B_cdhre_2": 2.728230657418089e-08, 
        "B_chl3_2": 0.003674789976909741, 
        "u_B_chl3_2": 2.728230657418089e-08, 
        "B_cll1_2": 0.0009189314380762328, 
        "u_B_cll1_2": 2.292172232051526e-08, 
        "B_cdhim_2": 0.003689762383232776, 
        "u_B_cdhim_2": 4.1586768214799203e-08
    }, 
    "WW": {
        "A_chbox": 0.12123830169066306, 
        "u_A_chbox": 1.2585329931810881e-05, 
        "A_chdd": -0.03186729046729682, 
        "u_A_chdd": 0.0004805071770367485, 
        "A_chw": -0.08973880505334857, 
        "u_A_chw": 0.000997811132711223, 
        "A_chb": 0.00043583608165319174, 
        "u_A_chb": 0.0008662297110117239, 
        "A_chwb": -0.002315780559422186, 
        "u_A_chwb": 0.0005891303811538079, 
        "A_chl1": 0.002492924584705309, 
        "u_A_chl1": 0.0003412310934642589, 
        "A_chl3": -0.2282939624979238, 
        "u_A_chl3": 0.00028883152770955794, 
        "A_che": -0.004697443481035528, 
        "u_A_che": 0.00033481133315245134, 
        "A_cll1": 0.1818674116805696, 
        "u_A_cll1": 1.585714866568123e-05, 
        "A_chwtil": 5.497133306098568e-05, 
        "u_A_chwtil": 0.0007463742651564931, 
        "A_chbtil": -0.0007013046151789812, 
        "u_A_chbtil": 0.0005679627812980563, 
        "A_chwbtil": -0.000483269783726037, 
        "u_A_chwbtil": 0.00037929707672260723, 
        "B_chbox_2": 0.0036750226292076153, 
        "u_B_chbox_2": 5.355047757009479e-07, 
        "B_chdd_2": 0.0008354366020184959, 
        "u_B_chdd_2": 2.7922005646998905e-05, 
        "B_chw_2": 0.0048809538239675335, 
        "u_B_chw_2": 0.000329857471188466, 
        "B_chb_2": 0.002144800065258605, 
        "u_B_chb_2": 0.00032634357019814395, 
        "B_chwb_2": 0.000983350210370549, 
        "u_B_chwb_2": 0.00011944989768578615, 
        "B_cewre_2": -1.2224188206865848e-06, 
        "u_B_cewre_2": 3.866652885301797e-08, 
        "B_chl1_2": 0.0002924856288560973, 
        "u_B_chl1_2": 1.682242585919512e-05, 
        "B_chl3_2": 0.013248247075893596, 
        "u_B_chl3_2": 4.0988453233783344e-05, 
        "B_che_2": 0.0002865470957791245, 
        "u_B_che_2": 2.1890556646322087e-05, 
        "B_cll1_2": 0.008268445465984773, 
        "u_B_cll1_2": 7.793116668736637e-07, 
        "B_chwtil_2": 0.002317051988372699, 
        "u_B_chwtil_2": 0.0002849805440118699, 
        "B_chbtil_2": 0.001283631195841009, 
        "u_B_chbtil_2": 0.00027935186072374494, 
        "B_chwbtil_2": 0.000577623178074419, 
        "u_B_chwbtil_2": 0.00012303326792113638
    }, 
    "tautau": {
        "A_chbox": 0.12124816572817165, 
        "u_A_chbox": 7.803614158007325e-07, 
        "A_chdd": -0.030312149042656847, 
        "u_A_chdd": 2.007163908531794e-07, 
        "A_cehre": -0.12124820485930399, 
        "u_A_cehre": 7.607861023225917e-07, 
        "A_chl3": -0.12124820485930399, 
        "u_A_chl3": 7.607861023225917e-07, 
        "A_cll1": 0.060624024167387325, 
        "u_A_cll1": 4.1817085033227536e-07, 
        "B_chbox_2": 0.003675978571791931, 
        "u_B_chbox_2": 3.5864275191619e-08, 
        "B_chdd_2": 0.00023009105814494947, 
        "u_B_chdd_2": 5.191331343420023e-08, 
        "B_cehre_2": 0.0036751959491451796, 
        "u_B_cehre_2": 5.1913313432856415e-08, 
        "B_chl3_2": 0.0036751959491451796, 
        "u_B_chl3_2": 5.1913313432856415e-08, 
        "B_cll1_2": 0.0009195816099330464, 
        "u_B_cll1_2": 5.24999231658211e-08, 
        "B_cehim_2": 0.0036775438170854337, 
        "u_B_cehim_2": 4.2145519348688956e-08
    }, 
    "tot": {
        "A_chbox": 0.12124816635222463, 
        "u_A_chbox": 0.0007187054764768401, 
        "A_chdd": -0.030311979230055006,